{"cameraMode":{"drawMode":0,"name":"Shaded","section":"Shading Mode"},"sceneLighting":false,"audioPlay":false,"sceneViewState":{"showFog":true,"showMaterialUpdate":false,"showSkybox":true,"showFlares":true,"showImageEffects":true,"showParticleSystems":true},"in2DMode":false,"pivot":{"x":0.6957044005393982,"y":-0.7294259071350098,"z":2.943131923675537},"rotation":{"x":-0.3970465362071991,"y":-0.00771251879632473,"z":0.003336394438520074,"w":-0.9177600145339966},"size":11.65925407409668,"orthographic":false}