{"cameraMode":{"drawMode":0,"name":"Shaded","section":"Shading Mode"},"sceneLighting":false,"audioPlay":false,"sceneViewState":{"showFog":true,"showMaterialUpdate":false,"showSkybox":true,"showFlares":true,"showImageEffects":true,"showParticleSystems":true},"in2DMode":false,"pivot":{"x":-0.6351129412651062,"y":-3.0747804641723635,"z":0.2866978645324707},"rotation":{"x":-0.5549443960189819,"y":-0.0057428269647061829,"z":0.0038308268412947656,"w":-0.8318588137626648},"size":13.475666046142579,"orthographic":false}