{"cameraMode":{"drawMode":0,"name":"Shaded","section":"Shading Mode"},"sceneLighting":false,"audioPlay":false,"sceneViewState":{"showFog":true,"showMaterialUpdate":false,"showSkybox":true,"showFlares":true,"showImageEffects":true,"showParticleSystems":true},"in2DMode":false,"pivot":{"x":448.736328125,"y":294.4960632324219,"z":178.8055419921875},"rotation":{"x":-0.12447291612625122,"y":0.01547469012439251,"z":-0.0019417598377913237,"w":-0.9921004176139832},"size":1127.760986328125,"orthographic":false}