{"cameraMode":{"drawMode":0,"name":"Shaded","section":"Shading Mode"},"sceneLighting":false,"audioPlay":false,"sceneViewState":{"showFog":true,"showMaterialUpdate":false,"showSkybox":true,"showFlares":true,"showImageEffects":true,"showParticleSystems":true},"in2DMode":false,"pivot":{"x":211.91836547851563,"y":-2.4212646484375,"z":-2.1245269775390627},"rotation":{"x":-0.4473447799682617,"y":-0.007515575271099806,"z":0.0037590605206787588,"w":-0.8943221569061279},"size":1267.163818359375,"orthographic":false}